出席番号,氏名,国語,算数,理科,理科
19708368,畑中　剛之,19708404,19708405,19708406,19708407
19708412,佐橋　より,19708448,19708449,19708450,19708451
19708456,横沢　雅樹,19708492,19708493,19708494,19708495
19708500,曽我部　はるみ,19708536,19708537,19708538,19708539
19708544,矢野　義幸,19708580,19708581,19708582,19708583
19708588,村木　満里子,19708624,19708625,19708626,19708627
19708632,神崎　富雄,19708668,19708669,19708670,19708671
19708676,光谷　容子,19708712,19708713,19708714,19708715
19708720,橋本　健嗣,19708756,19708757,19708758,19708759
19708764,鎌田　麻奈美,19708800,19708801,19708802,19708803
19708808,中山 魁,19708844,19708845,19708846,19708847
19708852,中山 幸枝,19708888,19708889,19708890,19708891
19708896,桐原 幸男,19708932,19708933,19708934,19708935
19708940,桐原 華,19708976,19708977,19708978,19708979
19708984,川喜田 裕治,19709020,19709021,19709022,19709023
19709028,川喜田 初恵,19709064,19709065,19709066,19709067
19709072,宮代 敦梓,19709108,19709109,19709110,19709111
19709116,宮代 雪乃,19709152,19709153,19709154,19709155
19709160,佐郷 泉之輔,19709196,19709197,19709198,19709199
19709204,佐郷 雛,19709240,19709241,19709242,19709243
19709248,安藤 伊之吉,19709284,19709285,19709286,19709287
19709292,安藤 由紀美,19709328,19709329,19709330,19709331
19709336,橋爪 伊吉,19709372,19709373,19709374,19709375
19709380,橋爪 るみ子,19709416,19709417,19709418,19709419
19709424,岡下 勝志,19709460,19709461,19709462,19709463
19709468,岡下 往代,19709504,19709505,19709506,19709507
19709512,井沢 憲浩,19709548,19709549,19709550,19709551
19709556,井沢 佐織,19709592,19709593,19709594,19709595
19709600,中澤 洋,19709636,19709637,19709638,19709639
19709644,中澤 由起,19709680,19709681,19709682,19709683
19709688,松浦 健二,19709724,19709725,19709726,19709727
19709732,松浦 由紀美,19709768,19709769,19709770,19709771
19709776,大浦 泰三,19709812,19709813,19709814,19709815
19709820,大浦 冬,19709856,19709857,19709858,19709859
19709864,石塚 汐,19709900,19709901,19709902,19709903
19709908,石塚 まり子,19709944,19709945,19709946,19709947
19709952,畠中 義宏,19709988,19709989,19709990,19709991
19709996,畠中 利江子,19710032,19710033,19710034,19710035
19710040,二村 邦博,19710076,19710077,19710078,19710079
19710084,二村 美樹子,19710120,19710121,19710122,19710123
19710128,藤永 茂郎,19710164,19710165,19710166,19710167
19710172,藤永 加余子,19710208,19710209,19710210,19710211
19710216,三谷 涼生,19710252,19710253,19710254,19710255
19710260,三谷 毬,19710296,19710297,19710298,19710299
19710304,小沢 風舞貴,19710340,19710341,19710342,19710343
19710348,小沢 さおり,19710384,19710385,19710386,19710387
19710392,西口 久仁衛,19710428,19710429,19710430,19710431
19710436,西口 英子,19710472,19710473,19710474,19710475
19710480,田中 友昭,19710516,19710517,19710518,19710519
19710524,田中 麻里,19710560,19710561,19710562,19710563
